{
    "$schema": "https://schema.management.azure.com/schemas/2015-01-01/deploymentTemplate.json#",
    "contentVersion": "1.0.0.0",
    "parameters": {
        "connections_1_hub_name": {
            "defaultValue": "1-hub",
            "type": "String"
        },
        "connections_2_hub_name": {
            "defaultValue": "2-hub",
            "type": "String"
        },
        "connections_hub_1_name": {
            "defaultValue": "hub-1",
            "type": "String"
        },
        "connections_hub_2_name": {
            "defaultValue": "hub-2",
            "type": "String"
        },
        "connections_hub_onprem_name": {
            "defaultValue": "hub-onprem",
            "type": "String"
        },
        "connections_onprem_hub_name": {
            "defaultValue": "onprem-hub",
            "type": "String"
        },
        "virtualMachines_qatar_1_name": {
            "defaultValue": "qatar-1",
            "type": "String"
        },
        "virtualNetworks_qatar_1_name": {
            "defaultValue": "qatar-1",
            "type": "String"
        },
        "virtualNetworks_qatar_2_name": {
            "defaultValue": "qatar-2",
            "type": "String"
        },
        "virtualMachines_qatar_hub_name": {
            "defaultValue": "qatar-hub",
            "type": "String"
        },
        "connections_remote_onprem_name": {
            "defaultValue": "remote-onprem",
            "type": "String"
        },
        "virtualNetworks_qatar_hub_name": {
            "defaultValue": "qatar-hub",
            "type": "String"
        },
        "networkInterfaces_qatar_1771_name": {
            "defaultValue": "qatar-1771",
            "type": "String"
        },
        "publicIPAddresses_qatar_1_ip_name": {
            "defaultValue": "qatar-1-ip",
            "type": "String"
        },
        "virtualNetworks_qatar_onprem_name": {
            "defaultValue": "qatar-onprem",
            "type": "String"
        },
        "networkInterfaces_qatar_hub139_name": {
            "defaultValue": "qatar-hub139",
            "type": "String"
        },
        "publicIPAddresses_qatar_hub_ip_name": {
            "defaultValue": "qatar-hub-ip",
            "type": "String"
        },
        "networkSecurityGroups_qatar_1_nsg_name": {
            "defaultValue": "qatar-1-nsg",
            "type": "String"
        },
        "virtualNetworkGateways_qatar_1_gw_name": {
            "defaultValue": "qatar-1-gw",
            "type": "String"
        },
        "virtualNetworkGateways_qatar_2_gw_name": {
            "defaultValue": "qatar-2-gw",
            "type": "String"
        },
        "publicIPAddresses_qatar_1_gw_pubip_name": {
            "defaultValue": "qatar-1-gw-pubip",
            "type": "String"
        },
        "publicIPAddresses_qatar_2_gw_pubip_name": {
            "defaultValue": "qatar-2-gw-pubip",
            "type": "String"
        },
        "networkSecurityGroups_qatar_hub_nsg_name": {
            "defaultValue": "qatar-hub-nsg",
            "type": "String"
        },
        "virtualNetworkGateways_qatar_hub_gw_name": {
            "defaultValue": "qatar-hub-gw",
            "type": "String"
        },
        "publicIPAddresses_qatar_hub_gw_pubip_name": {
            "defaultValue": "qatar-hub-gw-pubip",
            "type": "String"
        },
        "virtualNetworkGateways_qatar_onprem_gw_name": {
            "defaultValue": "qatar-onprem-gw",
            "type": "String"
        },
        "publicIPAddresses_qatar_onprem_gw_pubip_name": {
            "defaultValue": "qatar-onprem-gw-pubip",
            "type": "String"
        },
        "virtualNetworkGateways_qatar_remote_gw_externalid": {
            "defaultValue": "/subscriptions/60cac05f-df9e-4801-9b9d-7a9723314c9d/resourceGroups/qatar/providers/Microsoft.Network/virtualNetworkGateways/qatar-remote-gw",
            "type": "String"
        }
    },
    "variables": {},
    "resources": [
        {
            "type": "Microsoft.Network/networkSecurityGroups",
            "apiVersion": "2019-11-01",
            "name": "[parameters('networkSecurityGroups_qatar_1_nsg_name')]",
            "location": "westeurope",
            "properties": {
                "securityRules": [
                    {
                        "name": "RDP",
                        "properties": {
                            "protocol": "TCP",
                            "sourcePortRange": "*",
                            "destinationPortRange": "3389",
                            "sourceAddressPrefix": "*",
                            "destinationAddressPrefix": "*",
                            "access": "Allow",
                            "priority": 300,
                            "direction": "Inbound",
                            "sourcePortRanges": [],
                            "destinationPortRanges": [],
                            "sourceAddressPrefixes": [],
                            "destinationAddressPrefixes": []
                        }
                    }
                ]
            }
        },
        {
            "type": "Microsoft.Network/networkSecurityGroups",
            "apiVersion": "2019-11-01",
            "name": "[parameters('networkSecurityGroups_qatar_hub_nsg_name')]",
            "location": "westeurope",
            "properties": {
                "securityRules": [
                    {
                        "name": "RDP",
                        "properties": {
                            "protocol": "TCP",
                            "sourcePortRange": "*",
                            "destinationPortRange": "3389",
                            "sourceAddressPrefix": "*",
                            "destinationAddressPrefix": "*",
                            "access": "Allow",
                            "priority": 300,
                            "direction": "Inbound",
                            "sourcePortRanges": [],
                            "destinationPortRanges": [],
                            "sourceAddressPrefixes": [],
                            "destinationAddressPrefixes": []
                        }
                    }
                ]
            }
        },
        {
            "type": "Microsoft.Network/publicIPAddresses",
            "apiVersion": "2019-11-01",
            "name": "[parameters('publicIPAddresses_qatar_1_gw_pubip_name')]",
            "location": "westeurope",
            "sku": {
                "name": "Basic"
            },
            "properties": {
                "ipAddress": "52.166.166.127",
                "publicIPAddressVersion": "IPv4",
                "publicIPAllocationMethod": "Dynamic",
                "idleTimeoutInMinutes": 4,
                "ipTags": []
            }
        },
        {
            "type": "Microsoft.Network/publicIPAddresses",
            "apiVersion": "2019-11-01",
            "name": "[parameters('publicIPAddresses_qatar_1_ip_name')]",
            "location": "westeurope",
            "sku": {
                "name": "Basic"
            },
            "properties": {
                "ipAddress": "52.236.164.147",
                "publicIPAddressVersion": "IPv4",
                "publicIPAllocationMethod": "Dynamic",
                "idleTimeoutInMinutes": 4,
                "ipTags": []
            }
        },
        {
            "type": "Microsoft.Network/publicIPAddresses",
            "apiVersion": "2019-11-01",
            "name": "[parameters('publicIPAddresses_qatar_2_gw_pubip_name')]",
            "location": "westeurope",
            "sku": {
                "name": "Basic"
            },
            "properties": {
                "ipAddress": "52.174.5.109",
                "publicIPAddressVersion": "IPv4",
                "publicIPAllocationMethod": "Dynamic",
                "idleTimeoutInMinutes": 4,
                "ipTags": []
            }
        },
        {
            "type": "Microsoft.Network/publicIPAddresses",
            "apiVersion": "2019-11-01",
            "name": "[parameters('publicIPAddresses_qatar_hub_gw_pubip_name')]",
            "location": "westeurope",
            "sku": {
                "name": "Basic"
            },
            "properties": {
                "ipAddress": "52.174.3.150",
                "publicIPAddressVersion": "IPv4",
                "publicIPAllocationMethod": "Dynamic",
                "idleTimeoutInMinutes": 4,
                "ipTags": []
            }
        },
        {
            "type": "Microsoft.Network/publicIPAddresses",
            "apiVersion": "2019-11-01",
            "name": "[parameters('publicIPAddresses_qatar_hub_ip_name')]",
            "location": "westeurope",
            "sku": {
                "name": "Basic"
            },
            "properties": {
                "ipAddress": "13.95.31.48",
                "publicIPAddressVersion": "IPv4",
                "publicIPAllocationMethod": "Dynamic",
                "idleTimeoutInMinutes": 4,
                "ipTags": []
            }
        },
        {
            "type": "Microsoft.Network/publicIPAddresses",
            "apiVersion": "2019-11-01",
            "name": "[parameters('publicIPAddresses_qatar_onprem_gw_pubip_name')]",
            "location": "westeurope",
            "sku": {
                "name": "Basic"
            },
            "properties": {
                "ipAddress": "52.157.109.185",
                "publicIPAddressVersion": "IPv4",
                "publicIPAllocationMethod": "Dynamic",
                "idleTimeoutInMinutes": 4,
                "ipTags": []
            }
        },
        {
            "type": "Microsoft.Network/virtualNetworks",
            "apiVersion": "2019-11-01",
            "name": "[parameters('virtualNetworks_qatar_1_name')]",
            "location": "westeurope",
            "properties": {
                "addressSpace": {
                    "addressPrefixes": [
                        "192.168.1.0/24"
                    ]
                },
                "subnets": [
                    {
                        "name": "subnet1",
                        "properties": {
                            "addressPrefix": "192.168.1.0/25",
                            "delegations": [],
                            "privateEndpointNetworkPolicies": "Enabled",
                            "privateLinkServiceNetworkPolicies": "Enabled"
                        }
                    },
                    {
                        "name": "GatewaySubnet",
                        "properties": {
                            "addressPrefix": "192.168.1.128/28",
                            "delegations": [],
                            "privateEndpointNetworkPolicies": "Enabled",
                            "privateLinkServiceNetworkPolicies": "Enabled"
                        }
                    }
                ],
                "virtualNetworkPeerings": [],
                "enableDdosProtection": false,
                "enableVmProtection": false
            }
        },
        {
            "type": "Microsoft.Network/virtualNetworks",
            "apiVersion": "2019-11-01",
            "name": "[parameters('virtualNetworks_qatar_2_name')]",
            "location": "westeurope",
            "properties": {
                "addressSpace": {
                    "addressPrefixes": [
                        "192.168.2.0/24"
                    ]
                },
                "subnets": [
                    {
                        "name": "subnet2",
                        "properties": {
                            "addressPrefix": "192.168.2.0/25",
                            "delegations": [],
                            "privateEndpointNetworkPolicies": "Enabled",
                            "privateLinkServiceNetworkPolicies": "Enabled"
                        }
                    },
                    {
                        "name": "GatewaySubnet",
                        "properties": {
                            "addressPrefix": "192.168.2.128/28",
                            "delegations": [],
                            "privateEndpointNetworkPolicies": "Enabled",
                            "privateLinkServiceNetworkPolicies": "Enabled"
                        }
                    }
                ],
                "virtualNetworkPeerings": [],
                "enableDdosProtection": false,
                "enableVmProtection": false
            }
        },
        {
            "type": "Microsoft.Network/virtualNetworks",
            "apiVersion": "2019-11-01",
            "name": "[parameters('virtualNetworks_qatar_hub_name')]",
            "location": "westeurope",
            "properties": {
                "addressSpace": {
                    "addressPrefixes": [
                        "192.168.0.0/24"
                    ]
                },
                "subnets": [
                    {
                        "name": "subnet1",
                        "properties": {
                            "addressPrefix": "192.168.0.0/25",
                            "delegations": [],
                            "privateEndpointNetworkPolicies": "Enabled",
                            "privateLinkServiceNetworkPolicies": "Enabled"
                        }
                    },
                    {
                        "name": "GatewaySubnet",
                        "properties": {
                            "addressPrefix": "192.168.0.128/28",
                            "delegations": [],
                            "privateEndpointNetworkPolicies": "Enabled",
                            "privateLinkServiceNetworkPolicies": "Enabled"
                        }
                    }
                ],
                "virtualNetworkPeerings": [],
                "enableDdosProtection": false,
                "enableVmProtection": false
            }
        },
        {
            "type": "Microsoft.Network/virtualNetworks",
            "apiVersion": "2019-11-01",
            "name": "[parameters('virtualNetworks_qatar_onprem_name')]",
            "location": "westeurope",
            "properties": {
                "addressSpace": {
                    "addressPrefixes": [
                        "192.168.100.0/24"
                    ]
                },
                "subnets": [
                    {
                        "name": "subnet1",
                        "properties": {
                            "addressPrefix": "192.168.100.0/25",
                            "delegations": [],
                            "privateEndpointNetworkPolicies": "Enabled",
                            "privateLinkServiceNetworkPolicies": "Enabled"
                        }
                    },
                    {
                        "name": "GatewaySubnet",
                        "properties": {
                            "addressPrefix": "192.168.100.128/28",
                            "delegations": [],
                            "privateEndpointNetworkPolicies": "Enabled",
                            "privateLinkServiceNetworkPolicies": "Enabled"
                        }
                    }
                ],
                "virtualNetworkPeerings": [],
                "enableDdosProtection": false,
                "enableVmProtection": false
            }
        },
        {
            "type": "Microsoft.Compute/virtualMachines",
            "apiVersion": "2019-07-01",
            "name": "[parameters('virtualMachines_qatar_1_name')]",
            "location": "westeurope",
            "dependsOn": [
                "[resourceId('Microsoft.Network/networkInterfaces', parameters('networkInterfaces_qatar_1771_name'))]"
            ],
            "properties": {
                "hardwareProfile": {
                    "vmSize": "Standard_DS1_v2"
                },
                "storageProfile": {
                    "imageReference": {
                        "publisher": "MicrosoftWindowsServer",
                        "offer": "WindowsServer",
                        "sku": "2016-Datacenter",
                        "version": "latest"
                    },
                    "osDisk": {
                        "osType": "Windows",
                        "name": "[concat(parameters('virtualMachines_qatar_1_name'), '_OsDisk_1_06ef8f98e4ed4477b27b4a85d359f0be')]",
                        "createOption": "FromImage",
                        "caching": "ReadWrite",
                        "managedDisk": {
                            "storageAccountType": "Premium_LRS",
                            "id": "[resourceId('Microsoft.Compute/disks', concat(parameters('virtualMachines_qatar_1_name'), '_OsDisk_1_06ef8f98e4ed4477b27b4a85d359f0be'))]"
                        },
                        "diskSizeGB": 127
                    },
                    "dataDisks": []
                },
                "osProfile": {
                    "computerName": "[parameters('virtualMachines_qatar_1_name')]",
                    "adminUsername": "marc",
                    "windowsConfiguration": {
                        "provisionVMAgent": true,
                        "enableAutomaticUpdates": true
                    },
                    "secrets": [],
                    "allowExtensionOperations": true,
                    "requireGuestProvisionSignal": true
                },
                "networkProfile": {
                    "networkInterfaces": [
                        {
                            "id": "[resourceId('Microsoft.Network/networkInterfaces', parameters('networkInterfaces_qatar_1771_name'))]"
                        }
                    ]
                },
                "priority": "Spot",
                "evictionPolicy": "Deallocate",
                "billingProfile": {
                    "maxPrice": -1
                }
            }
        },
        {
            "type": "Microsoft.Compute/virtualMachines",
            "apiVersion": "2019-07-01",
            "name": "[parameters('virtualMachines_qatar_hub_name')]",
            "location": "westeurope",
            "dependsOn": [
                "[resourceId('Microsoft.Network/networkInterfaces', parameters('networkInterfaces_qatar_hub139_name'))]"
            ],
            "properties": {
                "hardwareProfile": {
                    "vmSize": "Standard_DS2_v2"
                },
                "storageProfile": {
                    "imageReference": {
                        "publisher": "MicrosoftWindowsServer",
                        "offer": "WindowsServer",
                        "sku": "2016-Datacenter",
                        "version": "latest"
                    },
                    "osDisk": {
                        "osType": "Windows",
                        "name": "[concat(parameters('virtualMachines_qatar_hub_name'), '_OsDisk_1_787404a2e17343b2a2fb5c302c34bfce')]",
                        "createOption": "FromImage",
                        "caching": "ReadWrite",
                        "managedDisk": {
                            "storageAccountType": "Premium_LRS",
                            "id": "[resourceId('Microsoft.Compute/disks', concat(parameters('virtualMachines_qatar_hub_name'), '_OsDisk_1_787404a2e17343b2a2fb5c302c34bfce'))]"
                        },
                        "diskSizeGB": 127
                    },
                    "dataDisks": []
                },
                "osProfile": {
                    "computerName": "[parameters('virtualMachines_qatar_hub_name')]",
                    "adminUsername": "marc",
                    "windowsConfiguration": {
                        "provisionVMAgent": true,
                        "enableAutomaticUpdates": true
                    },
                    "secrets": [],
                    "allowExtensionOperations": true,
                    "requireGuestProvisionSignal": true
                },
                "networkProfile": {
                    "networkInterfaces": [
                        {
                            "id": "[resourceId('Microsoft.Network/networkInterfaces', parameters('networkInterfaces_qatar_hub139_name'))]"
                        }
                    ]
                },
                "priority": "Spot",
                "evictionPolicy": "Deallocate",
                "billingProfile": {
                    "maxPrice": -1
                }
            }
        },
        {
            "type": "Microsoft.Network/connections",
            "apiVersion": "2019-11-01",
            "name": "[parameters('connections_remote_onprem_name')]",
            "location": "westeurope",
            "dependsOn": [
                "[resourceId('Microsoft.Network/virtualNetworkGateways', parameters('virtualNetworkGateways_qatar_onprem_gw_name'))]"
            ],
            "properties": {
                "virtualNetworkGateway1": {
                    "id": "[resourceId('Microsoft.Network/virtualNetworkGateways', parameters('virtualNetworkGateways_qatar_onprem_gw_name'))]"
                },
                "virtualNetworkGateway2": {
                    "id": "[parameters('virtualNetworkGateways_qatar_remote_gw_externalid')]"
                },
                "connectionType": "Vnet2Vnet",
                "connectionProtocol": "IKEv2",
                "routingWeight": 10,
                "enableBgp": true,
                "usePolicyBasedTrafficSelectors": false,
                "ipsecPolicies": [],
                "trafficSelectorPolicies": [],
                "expressRouteGatewayBypass": false
            }
        },
        {
            "type": "Microsoft.Network/networkSecurityGroups/securityRules",
            "apiVersion": "2019-11-01",
            "name": "[concat(parameters('networkSecurityGroups_qatar_1_nsg_name'), '/RDP')]",
            "dependsOn": [
                "[resourceId('Microsoft.Network/networkSecurityGroups', parameters('networkSecurityGroups_qatar_1_nsg_name'))]"
            ],
            "properties": {
                "protocol": "TCP",
                "sourcePortRange": "*",
                "destinationPortRange": "3389",
                "sourceAddressPrefix": "*",
                "destinationAddressPrefix": "*",
                "access": "Allow",
                "priority": 300,
                "direction": "Inbound",
                "sourcePortRanges": [],
                "destinationPortRanges": [],
                "sourceAddressPrefixes": [],
                "destinationAddressPrefixes": []
            }
        },
        {
            "type": "Microsoft.Network/networkSecurityGroups/securityRules",
            "apiVersion": "2019-11-01",
            "name": "[concat(parameters('networkSecurityGroups_qatar_hub_nsg_name'), '/RDP')]",
            "dependsOn": [
                "[resourceId('Microsoft.Network/networkSecurityGroups', parameters('networkSecurityGroups_qatar_hub_nsg_name'))]"
            ],
            "properties": {
                "protocol": "TCP",
                "sourcePortRange": "*",
                "destinationPortRange": "3389",
                "sourceAddressPrefix": "*",
                "destinationAddressPrefix": "*",
                "access": "Allow",
                "priority": 300,
                "direction": "Inbound",
                "sourcePortRanges": [],
                "destinationPortRanges": [],
                "sourceAddressPrefixes": [],
                "destinationAddressPrefixes": []
            }
        },
        {
            "type": "Microsoft.Network/virtualNetworks/subnets",
            "apiVersion": "2019-11-01",
            "name": "[concat(parameters('virtualNetworks_qatar_1_name'), '/GatewaySubnet')]",
            "dependsOn": [
                "[resourceId('Microsoft.Network/virtualNetworks', parameters('virtualNetworks_qatar_1_name'))]"
            ],
            "properties": {
                "addressPrefix": "192.168.1.128/28",
                "delegations": [],
                "privateEndpointNetworkPolicies": "Enabled",
                "privateLinkServiceNetworkPolicies": "Enabled"
            }
        },
        {
            "type": "Microsoft.Network/virtualNetworks/subnets",
            "apiVersion": "2019-11-01",
            "name": "[concat(parameters('virtualNetworks_qatar_2_name'), '/GatewaySubnet')]",
            "dependsOn": [
                "[resourceId('Microsoft.Network/virtualNetworks', parameters('virtualNetworks_qatar_2_name'))]"
            ],
            "properties": {
                "addressPrefix": "192.168.2.128/28",
                "delegations": [],
                "privateEndpointNetworkPolicies": "Enabled",
                "privateLinkServiceNetworkPolicies": "Enabled"
            }
        },
        {
            "type": "Microsoft.Network/virtualNetworks/subnets",
            "apiVersion": "2019-11-01",
            "name": "[concat(parameters('virtualNetworks_qatar_hub_name'), '/GatewaySubnet')]",
            "dependsOn": [
                "[resourceId('Microsoft.Network/virtualNetworks', parameters('virtualNetworks_qatar_hub_name'))]"
            ],
            "properties": {
                "addressPrefix": "192.168.0.128/28",
                "delegations": [],
                "privateEndpointNetworkPolicies": "Enabled",
                "privateLinkServiceNetworkPolicies": "Enabled"
            }
        },
        {
            "type": "Microsoft.Network/virtualNetworks/subnets",
            "apiVersion": "2019-11-01",
            "name": "[concat(parameters('virtualNetworks_qatar_onprem_name'), '/GatewaySubnet')]",
            "dependsOn": [
                "[resourceId('Microsoft.Network/virtualNetworks', parameters('virtualNetworks_qatar_onprem_name'))]"
            ],
            "properties": {
                "addressPrefix": "192.168.100.128/28",
                "delegations": [],
                "privateEndpointNetworkPolicies": "Enabled",
                "privateLinkServiceNetworkPolicies": "Enabled"
            }
        },
        {
            "type": "Microsoft.Network/virtualNetworks/subnets",
            "apiVersion": "2019-11-01",
            "name": "[concat(parameters('virtualNetworks_qatar_1_name'), '/subnet1')]",
            "dependsOn": [
                "[resourceId('Microsoft.Network/virtualNetworks', parameters('virtualNetworks_qatar_1_name'))]"
            ],
            "properties": {
                "addressPrefix": "192.168.1.0/25",
                "delegations": [],
                "privateEndpointNetworkPolicies": "Enabled",
                "privateLinkServiceNetworkPolicies": "Enabled"
            }
        },
        {
            "type": "Microsoft.Network/virtualNetworks/subnets",
            "apiVersion": "2019-11-01",
            "name": "[concat(parameters('virtualNetworks_qatar_hub_name'), '/subnet1')]",
            "dependsOn": [
                "[resourceId('Microsoft.Network/virtualNetworks', parameters('virtualNetworks_qatar_hub_name'))]"
            ],
            "properties": {
                "addressPrefix": "192.168.0.0/25",
                "delegations": [],
                "privateEndpointNetworkPolicies": "Enabled",
                "privateLinkServiceNetworkPolicies": "Enabled"
            }
        },
        {
            "type": "Microsoft.Network/virtualNetworks/subnets",
            "apiVersion": "2019-11-01",
            "name": "[concat(parameters('virtualNetworks_qatar_onprem_name'), '/subnet1')]",
            "dependsOn": [
                "[resourceId('Microsoft.Network/virtualNetworks', parameters('virtualNetworks_qatar_onprem_name'))]"
            ],
            "properties": {
                "addressPrefix": "192.168.100.0/25",
                "delegations": [],
                "privateEndpointNetworkPolicies": "Enabled",
                "privateLinkServiceNetworkPolicies": "Enabled"
            }
        },
        {
            "type": "Microsoft.Network/virtualNetworks/subnets",
            "apiVersion": "2019-11-01",
            "name": "[concat(parameters('virtualNetworks_qatar_2_name'), '/subnet2')]",
            "dependsOn": [
                "[resourceId('Microsoft.Network/virtualNetworks', parameters('virtualNetworks_qatar_2_name'))]"
            ],
            "properties": {
                "addressPrefix": "192.168.2.0/25",
                "delegations": [],
                "privateEndpointNetworkPolicies": "Enabled",
                "privateLinkServiceNetworkPolicies": "Enabled"
            }
        },
        {
            "type": "Microsoft.Network/connections",
            "apiVersion": "2019-11-01",
            "name": "[parameters('connections_1_hub_name')]",
            "location": "westeurope",
            "dependsOn": [
                "[resourceId('Microsoft.Network/virtualNetworkGateways', parameters('virtualNetworkGateways_qatar_1_gw_name'))]",
                "[resourceId('Microsoft.Network/virtualNetworkGateways', parameters('virtualNetworkGateways_qatar_hub_gw_name'))]"
            ],
            "properties": {
                "virtualNetworkGateway1": {
                    "id": "[resourceId('Microsoft.Network/virtualNetworkGateways', parameters('virtualNetworkGateways_qatar_1_gw_name'))]"
                },
                "virtualNetworkGateway2": {
                    "id": "[resourceId('Microsoft.Network/virtualNetworkGateways', parameters('virtualNetworkGateways_qatar_hub_gw_name'))]"
                },
                "connectionType": "Vnet2Vnet",
                "connectionProtocol": "IKEv2",
                "routingWeight": 0,
                "enableBgp": true,
                "usePolicyBasedTrafficSelectors": false,
                "ipsecPolicies": [],
                "trafficSelectorPolicies": [],
                "expressRouteGatewayBypass": false
            }
        },
        {
            "type": "Microsoft.Network/connections",
            "apiVersion": "2019-11-01",
            "name": "[parameters('connections_2_hub_name')]",
            "location": "westeurope",
            "dependsOn": [
                "[resourceId('Microsoft.Network/virtualNetworkGateways', parameters('virtualNetworkGateways_qatar_2_gw_name'))]",
                "[resourceId('Microsoft.Network/virtualNetworkGateways', parameters('virtualNetworkGateways_qatar_hub_gw_name'))]"
            ],
            "properties": {
                "virtualNetworkGateway1": {
                    "id": "[resourceId('Microsoft.Network/virtualNetworkGateways', parameters('virtualNetworkGateways_qatar_2_gw_name'))]"
                },
                "virtualNetworkGateway2": {
                    "id": "[resourceId('Microsoft.Network/virtualNetworkGateways', parameters('virtualNetworkGateways_qatar_hub_gw_name'))]"
                },
                "connectionType": "Vnet2Vnet",
                "connectionProtocol": "IKEv2",
                "routingWeight": 0,
                "enableBgp": true,
                "usePolicyBasedTrafficSelectors": false,
                "ipsecPolicies": [],
                "trafficSelectorPolicies": [],
                "expressRouteGatewayBypass": false
            }
        },
        {
            "type": "Microsoft.Network/connections",
            "apiVersion": "2019-11-01",
            "name": "[parameters('connections_hub_1_name')]",
            "location": "westeurope",
            "dependsOn": [
                "[resourceId('Microsoft.Network/virtualNetworkGateways', parameters('virtualNetworkGateways_qatar_hub_gw_name'))]",
                "[resourceId('Microsoft.Network/virtualNetworkGateways', parameters('virtualNetworkGateways_qatar_1_gw_name'))]"
            ],
            "properties": {
                "virtualNetworkGateway1": {
                    "id": "[resourceId('Microsoft.Network/virtualNetworkGateways', parameters('virtualNetworkGateways_qatar_hub_gw_name'))]"
                },
                "virtualNetworkGateway2": {
                    "id": "[resourceId('Microsoft.Network/virtualNetworkGateways', parameters('virtualNetworkGateways_qatar_1_gw_name'))]"
                },
                "connectionType": "Vnet2Vnet",
                "connectionProtocol": "IKEv2",
                "routingWeight": 0,
                "enableBgp": true,
                "usePolicyBasedTrafficSelectors": false,
                "ipsecPolicies": [],
                "trafficSelectorPolicies": [],
                "expressRouteGatewayBypass": false
            }
        },
        {
            "type": "Microsoft.Network/connections",
            "apiVersion": "2019-11-01",
            "name": "[parameters('connections_hub_2_name')]",
            "location": "westeurope",
            "dependsOn": [
                "[resourceId('Microsoft.Network/virtualNetworkGateways', parameters('virtualNetworkGateways_qatar_hub_gw_name'))]",
                "[resourceId('Microsoft.Network/virtualNetworkGateways', parameters('virtualNetworkGateways_qatar_2_gw_name'))]"
            ],
            "properties": {
                "virtualNetworkGateway1": {
                    "id": "[resourceId('Microsoft.Network/virtualNetworkGateways', parameters('virtualNetworkGateways_qatar_hub_gw_name'))]"
                },
                "virtualNetworkGateway2": {
                    "id": "[resourceId('Microsoft.Network/virtualNetworkGateways', parameters('virtualNetworkGateways_qatar_2_gw_name'))]"
                },
                "connectionType": "Vnet2Vnet",
                "connectionProtocol": "IKEv2",
                "routingWeight": 0,
                "enableBgp": true,
                "usePolicyBasedTrafficSelectors": false,
                "ipsecPolicies": [],
                "trafficSelectorPolicies": [],
                "expressRouteGatewayBypass": false
            }
        },
        {
            "type": "Microsoft.Network/connections",
            "apiVersion": "2019-11-01",
            "name": "[parameters('connections_hub_onprem_name')]",
            "location": "westeurope",
            "dependsOn": [
                "[resourceId('Microsoft.Network/virtualNetworkGateways', parameters('virtualNetworkGateways_qatar_hub_gw_name'))]",
                "[resourceId('Microsoft.Network/virtualNetworkGateways', parameters('virtualNetworkGateways_qatar_onprem_gw_name'))]"
            ],
            "properties": {
                "virtualNetworkGateway1": {
                    "id": "[resourceId('Microsoft.Network/virtualNetworkGateways', parameters('virtualNetworkGateways_qatar_hub_gw_name'))]"
                },
                "virtualNetworkGateway2": {
                    "id": "[resourceId('Microsoft.Network/virtualNetworkGateways', parameters('virtualNetworkGateways_qatar_onprem_gw_name'))]"
                },
                "connectionType": "Vnet2Vnet",
                "connectionProtocol": "IKEv2",
                "routingWeight": 0,
                "enableBgp": true,
                "usePolicyBasedTrafficSelectors": false,
                "ipsecPolicies": [],
                "trafficSelectorPolicies": [],
                "expressRouteGatewayBypass": false
            }
        },
        {
            "type": "Microsoft.Network/connections",
            "apiVersion": "2019-11-01",
            "name": "[parameters('connections_onprem_hub_name')]",
            "location": "westeurope",
            "dependsOn": [
                "[resourceId('Microsoft.Network/virtualNetworkGateways', parameters('virtualNetworkGateways_qatar_onprem_gw_name'))]",
                "[resourceId('Microsoft.Network/virtualNetworkGateways', parameters('virtualNetworkGateways_qatar_hub_gw_name'))]"
            ],
            "properties": {
                "virtualNetworkGateway1": {
                    "id": "[resourceId('Microsoft.Network/virtualNetworkGateways', parameters('virtualNetworkGateways_qatar_onprem_gw_name'))]"
                },
                "virtualNetworkGateway2": {
                    "id": "[resourceId('Microsoft.Network/virtualNetworkGateways', parameters('virtualNetworkGateways_qatar_hub_gw_name'))]"
                },
                "connectionType": "Vnet2Vnet",
                "connectionProtocol": "IKEv2",
                "routingWeight": 0,
                "enableBgp": true,
                "usePolicyBasedTrafficSelectors": false,
                "ipsecPolicies": [],
                "trafficSelectorPolicies": [],
                "expressRouteGatewayBypass": false
            }
        },
        {
            "type": "Microsoft.Network/virtualNetworkGateways",
            "apiVersion": "2019-11-01",
            "name": "[parameters('virtualNetworkGateways_qatar_1_gw_name')]",
            "location": "westeurope",
            "dependsOn": [
                "[resourceId('Microsoft.Network/publicIPAddresses', parameters('publicIPAddresses_qatar_1_gw_pubip_name'))]",
                "[resourceId('Microsoft.Network/virtualNetworks/subnets', parameters('virtualNetworks_qatar_1_name'), 'GatewaySubnet')]"
            ],
            "properties": {
                "ipConfigurations": [
                    {
                        "name": "default",
                        "properties": {
                            "privateIPAllocationMethod": "Dynamic",
                            "publicIPAddress": {
                                "id": "[resourceId('Microsoft.Network/publicIPAddresses', parameters('publicIPAddresses_qatar_1_gw_pubip_name'))]"
                            },
                            "subnet": {
                                "id": "[resourceId('Microsoft.Network/virtualNetworks/subnets', parameters('virtualNetworks_qatar_1_name'), 'GatewaySubnet')]"
                            }
                        }
                    }
                ],
                "sku": {
                    "name": "VpnGw1",
                    "tier": "VpnGw1"
                },
                "gatewayType": "Vpn",
                "vpnType": "RouteBased",
                "enableBgp": true,
                "activeActive": false,
                "vpnClientConfiguration": {
                    "vpnClientProtocols": [
                        "OpenVPN",
                        "IkeV2"
                    ],
                    "vpnClientRootCertificates": [],
                    "vpnClientRevokedCertificates": [],
                    "vpnClientIpsecPolicies": []
                },
                "bgpSettings": {
                    "asn": 65001,
                    "bgpPeeringAddress": "192.168.1.142",
                    "peerWeight": 0
                },
                "vpnGatewayGeneration": "Generation1"
            }
        },
        {
            "type": "Microsoft.Network/virtualNetworkGateways",
            "apiVersion": "2019-11-01",
            "name": "[parameters('virtualNetworkGateways_qatar_2_gw_name')]",
            "location": "westeurope",
            "dependsOn": [
                "[resourceId('Microsoft.Network/publicIPAddresses', parameters('publicIPAddresses_qatar_2_gw_pubip_name'))]",
                "[resourceId('Microsoft.Network/virtualNetworks/subnets', parameters('virtualNetworks_qatar_2_name'), 'GatewaySubnet')]"
            ],
            "properties": {
                "ipConfigurations": [
                    {
                        "name": "default",
                        "properties": {
                            "privateIPAllocationMethod": "Dynamic",
                            "publicIPAddress": {
                                "id": "[resourceId('Microsoft.Network/publicIPAddresses', parameters('publicIPAddresses_qatar_2_gw_pubip_name'))]"
                            },
                            "subnet": {
                                "id": "[resourceId('Microsoft.Network/virtualNetworks/subnets', parameters('virtualNetworks_qatar_2_name'), 'GatewaySubnet')]"
                            }
                        }
                    }
                ],
                "sku": {
                    "name": "VpnGw1",
                    "tier": "VpnGw1"
                },
                "gatewayType": "Vpn",
                "vpnType": "RouteBased",
                "enableBgp": true,
                "activeActive": false,
                "vpnClientConfiguration": {
                    "vpnClientProtocols": [
                        "OpenVPN",
                        "IkeV2"
                    ],
                    "vpnClientRootCertificates": [],
                    "vpnClientRevokedCertificates": [],
                    "vpnClientIpsecPolicies": []
                },
                "bgpSettings": {
                    "asn": 65002,
                    "bgpPeeringAddress": "192.168.2.142",
                    "peerWeight": 0
                },
                "vpnGatewayGeneration": "Generation1"
            }
        },
        {
            "type": "Microsoft.Network/virtualNetworkGateways",
            "apiVersion": "2019-11-01",
            "name": "[parameters('virtualNetworkGateways_qatar_hub_gw_name')]",
            "location": "westeurope",
            "dependsOn": [
                "[resourceId('Microsoft.Network/publicIPAddresses', parameters('publicIPAddresses_qatar_hub_gw_pubip_name'))]",
                "[resourceId('Microsoft.Network/virtualNetworks/subnets', parameters('virtualNetworks_qatar_hub_name'), 'GatewaySubnet')]"
            ],
            "properties": {
                "ipConfigurations": [
                    {
                        "name": "default",
                        "properties": {
                            "privateIPAllocationMethod": "Dynamic",
                            "publicIPAddress": {
                                "id": "[resourceId('Microsoft.Network/publicIPAddresses', parameters('publicIPAddresses_qatar_hub_gw_pubip_name'))]"
                            },
                            "subnet": {
                                "id": "[resourceId('Microsoft.Network/virtualNetworks/subnets', parameters('virtualNetworks_qatar_hub_name'), 'GatewaySubnet')]"
                            }
                        }
                    }
                ],
                "sku": {
                    "name": "VpnGw1",
                    "tier": "VpnGw1"
                },
                "gatewayType": "Vpn",
                "vpnType": "RouteBased",
                "enableBgp": true,
                "activeActive": false,
                "vpnClientConfiguration": {
                    "vpnClientProtocols": [
                        "OpenVPN",
                        "IkeV2"
                    ],
                    "vpnClientRootCertificates": [],
                    "vpnClientRevokedCertificates": [],
                    "vpnClientIpsecPolicies": []
                },
                "bgpSettings": {
                    "asn": 65000,
                    "bgpPeeringAddress": "192.168.0.142",
                    "peerWeight": 0
                },
                "vpnGatewayGeneration": "Generation1"
            }
        },
        {
            "type": "Microsoft.Network/virtualNetworkGateways",
            "apiVersion": "2019-11-01",
            "name": "[parameters('virtualNetworkGateways_qatar_onprem_gw_name')]",
            "location": "westeurope",
            "dependsOn": [
                "[resourceId('Microsoft.Network/publicIPAddresses', parameters('publicIPAddresses_qatar_onprem_gw_pubip_name'))]",
                "[resourceId('Microsoft.Network/virtualNetworks/subnets', parameters('virtualNetworks_qatar_onprem_name'), 'GatewaySubnet')]"
            ],
            "properties": {
                "ipConfigurations": [
                    {
                        "name": "default",
                        "properties": {
                            "privateIPAllocationMethod": "Dynamic",
                            "publicIPAddress": {
                                "id": "[resourceId('Microsoft.Network/publicIPAddresses', parameters('publicIPAddresses_qatar_onprem_gw_pubip_name'))]"
                            },
                            "subnet": {
                                "id": "[resourceId('Microsoft.Network/virtualNetworks/subnets', parameters('virtualNetworks_qatar_onprem_name'), 'GatewaySubnet')]"
                            }
                        }
                    }
                ],
                "sku": {
                    "name": "VpnGw1",
                    "tier": "VpnGw1"
                },
                "gatewayType": "Vpn",
                "vpnType": "RouteBased",
                "enableBgp": true,
                "activeActive": false,
                "vpnClientConfiguration": {
                    "vpnClientProtocols": [
                        "OpenVPN",
                        "IkeV2"
                    ],
                    "vpnClientRootCertificates": [],
                    "vpnClientRevokedCertificates": [],
                    "vpnClientIpsecPolicies": []
                },
                "bgpSettings": {
                    "asn": 65100,
                    "bgpPeeringAddress": "192.168.100.142",
                    "peerWeight": 0
                },
                "vpnGatewayGeneration": "Generation1"
            }
        },
        {
            "type": "Microsoft.Network/networkInterfaces",
            "apiVersion": "2019-11-01",
            "name": "[parameters('networkInterfaces_qatar_1771_name')]",
            "location": "westeurope",
            "dependsOn": [
                "[resourceId('Microsoft.Network/publicIPAddresses', parameters('publicIPAddresses_qatar_1_ip_name'))]",
                "[resourceId('Microsoft.Network/virtualNetworks/subnets', parameters('virtualNetworks_qatar_1_name'), 'subnet1')]",
                "[resourceId('Microsoft.Network/networkSecurityGroups', parameters('networkSecurityGroups_qatar_1_nsg_name'))]"
            ],
            "properties": {
                "ipConfigurations": [
                    {
                        "name": "ipconfig1",
                        "properties": {
                            "privateIPAddress": "192.168.1.4",
                            "privateIPAllocationMethod": "Dynamic",
                            "publicIPAddress": {
                                "id": "[resourceId('Microsoft.Network/publicIPAddresses', parameters('publicIPAddresses_qatar_1_ip_name'))]"
                            },
                            "subnet": {
                                "id": "[resourceId('Microsoft.Network/virtualNetworks/subnets', parameters('virtualNetworks_qatar_1_name'), 'subnet1')]"
                            },
                            "primary": true,
                            "privateIPAddressVersion": "IPv4"
                        }
                    }
                ],
                "dnsSettings": {
                    "dnsServers": []
                },
                "enableAcceleratedNetworking": false,
                "enableIPForwarding": false,
                "networkSecurityGroup": {
                    "id": "[resourceId('Microsoft.Network/networkSecurityGroups', parameters('networkSecurityGroups_qatar_1_nsg_name'))]"
                }
            }
        },
        {
            "type": "Microsoft.Network/networkInterfaces",
            "apiVersion": "2019-11-01",
            "name": "[parameters('networkInterfaces_qatar_hub139_name')]",
            "location": "westeurope",
            "dependsOn": [
                "[resourceId('Microsoft.Network/publicIPAddresses', parameters('publicIPAddresses_qatar_hub_ip_name'))]",
                "[resourceId('Microsoft.Network/virtualNetworks/subnets', parameters('virtualNetworks_qatar_hub_name'), 'subnet1')]",
                "[resourceId('Microsoft.Network/networkSecurityGroups', parameters('networkSecurityGroups_qatar_hub_nsg_name'))]"
            ],
            "properties": {
                "ipConfigurations": [
                    {
                        "name": "ipconfig1",
                        "properties": {
                            "privateIPAddress": "192.168.0.4",
                            "privateIPAllocationMethod": "Dynamic",
                            "publicIPAddress": {
                                "id": "[resourceId('Microsoft.Network/publicIPAddresses', parameters('publicIPAddresses_qatar_hub_ip_name'))]"
                            },
                            "subnet": {
                                "id": "[resourceId('Microsoft.Network/virtualNetworks/subnets', parameters('virtualNetworks_qatar_hub_name'), 'subnet1')]"
                            },
                            "primary": true,
                            "privateIPAddressVersion": "IPv4"
                        }
                    }
                ],
                "dnsSettings": {
                    "dnsServers": []
                },
                "enableAcceleratedNetworking": true,
                "enableIPForwarding": false,
                "networkSecurityGroup": {
                    "id": "[resourceId('Microsoft.Network/networkSecurityGroups', parameters('networkSecurityGroups_qatar_hub_nsg_name'))]"
                }
            }
        }
    ]
}