{
    "$schema": "https://schema.management.azure.com/schemas/2015-01-01/deploymentParameters.json#",
    "contentVersion": "1.0.0.0",
    "parameters": {
        "connections_remote_onprem_name": {
            "value": null
        },
        "virtualMachines_qatar_remote_name": {
            "value": null
        },
        "virtualNetworks_qatar_remote_name": {
            "value": null
        },
        "networkInterfaces_qatar_remote453_name": {
            "value": null
        },
        "publicIPAddresses_qatar_remote_ip_name": {
            "value": null
        },
        "networkSecurityGroups_qatar_remote_nsg_name": {
            "value": null
        },
        "virtualNetworkGateways_qatar_remote_gw_name": {
            "value": null
        },
        "publicIPAddresses_qatar_remote_gw_pubip_name": {
            "value": null
        },
        "schedules_shutdown_computevm_qatar_remote_name": {
            "value": null
        },
        "virtualNetworkGateways_qatar_onprem_gw_externalid": {
            "value": null
        }
    }
}